Metric,Daily Sent
Price-only,69.42354583740234
Kalshi,48.369720982142745
SPY,174.2206268310547
Mag7,48.20431137084961
Tariffs,281.56597900390625
KalshiInput,64.47021484375
AllExcKalshi,64.72579193115234
All,48.42257308959961
