Metric,Daily Sent_cola
Price-only,74.93754577636719
Kalshi,51.63898913871941
SPY,136.72747802734375
Mag7,86.9236068725586
Tariffs,174.3564910888672
KalshiInput,116.80254364013672
AllExcKalshi,110.4574737548828
All,76.07695007324219
